{
	"class_name" : "PinholeCameraParameters",
	"extrinsic" : 
	[
		-0.90994562778733146,
		0.41022917742425763,
		-0.06091778443555336,
		0.0,
		-0.41125652182934069,
		-0.91150684159523021,
		0.0048322849586039628,
		0.0,
		-0.0535446330041826,
		0.029449952714819382,
		0.99813108986823085,
		0.0,
		0.0014575517457985536,
		-0.00010000622881732145,
		0.0036639187779449332,
		1.0
	],
	"intrinsic" : 
	{
		"height" : 767,
		"intrinsic_matrix" : 
		[
			664.24148470266448,
			0.0,
			0.0,
			0.0,
			664.24148470266448,
			0.0,
			715.0,
			383.0,
			1.0
		],
		"width" : 1431
	},
	"version_major" : 1,
	"version_minor" : 0
}