{
	"class_name" : "PinholeCameraParameters",
	"extrinsic" : 
	[
		0.99988750235235435,
		-2.6999595002041208e-05,
		-0.0149993970076342,
		0.0,
		0.00010799546407158717,
		-0.99995950100236397,
		0.0089991495199926008,
		0.0,
		-0.014999032520482647,
		-0.0089997570036814238,
		-0.9998470049949264,
		0.0,
		-0.0010749803783101353,
		0.00056199430004956583,
		0.011669880039367163,
		1.0
	],
	"intrinsic" : 
	{
		"height" : 767,
		"intrinsic_matrix" : 
		[
			664.24148470266448,
			0.0,
			0.0,
			0.0,
			664.24148470266448,
			0.0,
			715.0,
			383.0,
			1.0
		],
		"width" : 1431
	},
	"version_major" : 1,
	"version_minor" : 0
}