{
	"class_name" : "PinholeCameraParameters",
	"extrinsic" : 
	[
		-0.10720270400213386,
		0.13630353666029779,
		-0.98484969723736315,
		0.0,
		-0.17868922233602036,
		-0.97707012824919637,
		-0.11577619057495157,
		0.0,
		-0.97804792422231512,
		0.16357050582850832,
		0.12910053271550337,
		0.0,
		0.004038928293250919,
		-0.00027920922315746038,
		0.0081720053908336462,
		1.0
	],
	"intrinsic" : 
	{
		"height" : 767,
		"intrinsic_matrix" : 
		[
			664.24148470266448,
			0.0,
			0.0,
			0.0,
			664.24148470266448,
			0.0,
			715.0,
			383.0,
			1.0
		],
		"width" : 1431
	},
	"version_major" : 1,
	"version_minor" : 0
}